period,scenario,subscenario,subperiod,hydro_1,hydro_2
1,1,1,1,172.484997,171.794997
1,1,1,2,172.484997,171.794997
1,1,1,3,172.484997,171.794997
1,1,1,4,172.484997,171.794997
2,1,1,1,172.484997,171.794997
2,1,1,2,172.484997,171.794997
2,1,1,3,172.484997,171.794997
2,1,1,4,172.484997,171.794997
3,1,1,1,172.484997,171.794997
3,1,1,2,172.484997,171.794997
3,1,1,3,172.484997,171.794997
3,1,1,4,172.484997,171.794997
