period,scenario,subperiod,bus_1
1,1,1,171.894997
1,1,2,171.894997
1,1,3,171.894997
1,1,4,171.894997
2,1,1,171.894997
2,1,2,171.894997
2,1,3,171.894997
2,1,4,171.894997
3,1,1,171.894997
3,1,2,171.894997
3,1,3,171.894997
3,1,4,171.894997
