period,scenario,subperiod,Solar1
1,1,1,39706.42931
1,2,1,39706.42931
1,3,1,39706.42931
1,4,1,17779.198322
1,5,1,17779.198322
1,6,1,17779.198322
1,7,1,41779.199753
1,8,1,41779.199753
1,9,1,41779.199753
1,10,1,15706.427879
1,11,1,15706.427879
1,12,1,15706.427879
2,1,1,62668.800144
2,2,1,62668.800144
2,3,1,62668.800144
2,4,1,40741.570587
2,5,1,40741.570587
2,6,1,40741.570587
2,7,1,64741.570587
2,8,1,64741.570587
2,9,1,64741.570587
2,10,1,38668.800144
2,11,1,38668.800144
2,12,1,38668.800144
