period,scenario,subperiod,Thermal1,Thermal2
1,1,1,0.00144,0.0
2,1,1,0.00144,0.0
3,1,1,0.0,0.00144
4,1,1,0.00144,0.0
