period,scenario,subperiod,bg_1 - bus_1,bg_2 - bus_1
1,1,1,0.0,0.3003000020980835
1,1,2,0.0,0.3003000020980835
