period,scenario,subperiod,Hydro1
1,1,1,124.999996
1,2,1,124.999996
1,3,1,124.999996
2,1,1,75.000004
2,2,1,75.000004
2,3,1,75.000004
