period,scenario,subperiod,Hydro1
1,1,1,0.31104
1,2,1,0.31104
1,3,1,0.31104
2,1,1,0.0
2,2,1,0.0
2,3,1,0.0
3,1,1,0.31104
3,2,1,0.31104
3,3,1,0.31104
4,1,1,0.0
4,2,1,0.0
4,3,1,0.0
5,1,1,0.31104
5,2,1,0.31104
5,3,1,0.31104
6,1,1,0.0
6,2,1,0.0
6,3,1,0.0
7,1,1,0.31104
7,2,1,0.31104
7,3,1,0.31104
8,1,1,0.0
8,2,1,0.0
8,3,1,0.0
9,1,1,0.31104
9,2,1,0.31104
9,3,1,0.31104
10,1,1,0.0
10,2,1,0.0
10,3,1,0.0
