period,scenario,subperiod,Solar1
1,1,1,41665.99609375
1,2,1,18814.462890625
1,3,1,42817.53515625
1,4,1,17662.923828125
2,1,1,61632.0
2,2,1,42241.07421875
2,3,1,66239.5390625
2,4,1,37633.53515625
