period,scenario,subscenario,subperiod,Solar1
1,1,1,1,0.063355
1,2,1,1,0.05184
1,3,1,1,0.05184
1,4,1,1,0.063355
2,1,1,1,0.10368
2,2,1,1,0.057605
2,3,1,1,0.057605
2,4,1,1,0.10368
