period,scenario,subperiod,Hydro1
1,1,1,8.64
1,2,1,8.64
1,3,1,8.64
2,1,1,0.31104
2,2,1,0.31104
2,3,1,0.31104
3,1,1,0.0
3,2,1,0.0
3,3,1,0.0
4,1,1,0.31104
4,2,1,0.31104
4,3,1,0.31104
5,1,1,0.0
5,2,1,0.0
5,3,1,0.0
6,1,1,0.31104
6,2,1,0.31104
6,3,1,0.31104
7,1,1,0.0
7,2,1,0.0
7,3,1,0.0
8,1,1,0.31104
8,2,1,0.31104
8,3,1,0.31104
9,1,1,0.0
9,2,1,0.0
9,3,1,0.0
10,1,1,0.31104
10,2,1,0.31104
10,3,1,0.31104
