period,scenario,subperiod,Hydro1
1,1,1,0.05184
1,2,1,0.023045
1,3,1,0.005765
1,4,1,0.05184
1,5,1,0.023045
1,6,1,0.005765
1,7,1,0.05184
1,8,1,0.023045
1,9,1,0.005765
1,10,1,0.05184
1,11,1,0.023045
1,12,1,0.005765
2,1,1,0.023045
2,2,1,0.011515
2,3,1,0.005765
2,4,1,0.023045
2,5,1,0.011515
2,6,1,0.005765
2,7,1,0.023045
2,8,1,0.011515
2,9,1,0.005765
2,10,1,0.023045
2,11,1,0.011515
2,12,1,0.005765
