period,scenario,subscenario,reservoir_1 - asset_owner_1,reservoir_1 - asset_owner_2
1,1,1,143999.99810791016,215999.9971923828
2,1,1,287999.9962158203,431999.9943847656
3,1,1,432000.00732421875,648000.0107421875
