period,scenario,subscenario,reservoir_1 - asset_owner_1,reservoir_1 - asset_owner_2
1,1,1,-960.0018787383335,-1440.0028181075002
2,1,1,-1920.003757476667,-2880.0056362150003
3,1,1,-2879.99267578125,-4319.989013671875
