period,scenario,subperiod,Hydro1
1,1,1,8.64
1,2,1,8.64
1,3,1,8.64
2,1,1,0.31104
2,2,1,0.31104
2,3,1,0.31104
