period,scenario,subperiod,hydro_1
1,1,1,80.0
1,1,2,75.555556
1,1,3,78.333333
1,1,4,77.222222
2,1,1,76.111111
2,1,2,75.0
2,1,3,73.888889
2,1,4,72.777778
3,1,1,71.666667
3,1,2,70.555556
3,1,3,69.444444
3,1,4,68.333333
