period,scenario,subperiod,Hydro1
1,1,1,16.96896
1,2,1,16.96896
1,3,1,16.96896
2,1,1,0.0
2,2,1,0.0
2,3,1,0.0
