period,scenario,subperiod,Solar1
1,1,1,41665.994385
1,2,1,18814.463528
1,3,1,42817.533405
1,4,1,17662.924507
2,1,1,61632.000206
2,2,1,42241.072786
2,3,1,66239.539278
2,4,1,37633.533714
