period,scenario,subscenario,subperiod,hydro_1
1,1,1,1,44624.999991
1,1,1,2,44475.000009
1,1,1,3,44325.000018
1,1,1,4,44174.999982
2,1,1,1,44025.000018
2,1,1,2,43875.0
2,1,1,3,43724.999964
2,1,1,4,43575.000018
3,1,1,1,43425.0
3,1,1,2,43275.000036
3,1,1,3,43125.0
3,1,1,4,42974.999964
