period,scenario,subperiod,Hydro1
1,1,1,19.526232
1,2,1,19.526232
1,3,1,19.526232
2,1,1,19.526232
2,2,1,19.526232
2,3,1,19.526232
