period,scenario,subperiod,Hydro1
1,1,1,8.64
1,2,1,8.64
1,3,1,8.64
2,1,1,10.8
2,2,1,10.8
2,3,1,10.8
3,1,1,4.320001
3,2,1,4.320001
3,3,1,4.320001
4,1,1,6.480001
4,2,1,6.480001
4,3,1,6.480001
5,1,1,1.0e-6
5,2,1,1.0e-6
5,3,1,1.0e-6
6,1,1,2.160002
6,2,1,2.160002
6,3,1,2.160002
7,1,1,-0.0
7,2,1,-0.0
7,3,1,-0.0
8,1,1,2.16
8,2,1,2.16
8,3,1,2.16
9,1,1,-0.0
9,2,1,-0.0
9,3,1,-0.0
10,1,1,2.16
10,2,1,2.16
10,3,1,2.16
