period,scenario,subperiod,gauging_station
1,1,1,2.16
1,2,1,0.960192
1,3,1,0.240192
1,4,1,2.16
1,5,1,0.960192
1,6,1,0.240192
1,7,1,2.16
1,8,1,0.960192
1,9,1,0.240192
1,10,1,2.16
1,11,1,0.960192
1,12,1,0.240192
2,1,1,0.960192
2,2,1,0.479808
2,3,1,0.240192
2,4,1,0.960192
2,5,1,0.479808
2,6,1,0.240192
2,7,1,0.960192
2,8,1,0.479808
2,9,1,0.240192
2,10,1,0.960192
2,11,1,0.479808
2,12,1,0.240192
