stage,scenario,block,Solar1
1,1,1,0.250000008
1,2,1,0.250000008
1,3,1,0.250000008
1,4,1,0.124999992
1,5,1,0.124999992
1,6,1,0.124999992
1,7,1,0.250000008
1,8,1,0.250000008
1,9,1,0.250000008
1,10,1,0.124999992
1,11,1,0.124999992
1,12,1,0.124999992
2,1,1,0.375
2,2,1,0.375
2,3,1,0.375
2,4,1,0.250000008
2,5,1,0.250000008
2,6,1,0.250000008
2,7,1,0.375
2,8,1,0.375
2,9,1,0.375
2,10,1,0.250000008
2,11,1,0.250000008
2,12,1,0.250000008
