period,scenario,subscenario,subperiod,bg_1 - bus_1
1,1,1,1,125.12500472553079
1,1,1,2,250.25000945106157
