period,scenario,subscenario,subperiod,hydro_1,hydro_2
1,1,1,1,0.347222,0.347222
1,1,1,2,0.486111,0.486111
1,1,1,3,0.625,0.625
1,1,1,4,0.763889,0.763889
2,1,1,1,0.902778,0.902778
2,1,1,2,1.041667,1.041667
2,1,1,3,1.180556,1.180556
2,1,1,4,1.319444,1.319444
3,1,1,1,1.458333,1.458333
3,1,1,2,1.597222,1.597222
3,1,1,3,1.736111,1.736111
3,1,1,4,1.875,1.875
