period,scenario,subscenario,subperiod,hydro_1
1,1,1,1,82.986111
1,1,1,2,82.847222
1,1,1,3,82.708333
1,1,1,4,82.569444
2,1,1,1,82.430556
2,1,1,2,82.291667
2,1,1,3,82.152778
2,1,1,4,82.013889
3,1,1,1,81.875
3,1,1,2,81.736111
3,1,1,3,81.597222
3,1,1,4,81.458333
