period,scenario,subscenario,subperiod,hydro_1
1,1,1,1,82.638889
1,1,1,2,82.361111
1,1,1,3,82.083333
1,1,1,4,81.805556
2,1,1,1,81.527778
2,1,1,2,81.25
2,1,1,3,80.972222
2,1,1,4,80.694444
3,1,1,1,80.416667
3,1,1,2,80.138889
3,1,1,3,79.861111
3,1,1,4,79.583333
