period,scenario,subscenario,subperiod,hydro_1
1,1,1,1,44812.5
1,1,1,2,44737.500004
1,1,1,3,44662.500009
1,1,1,4,44587.499991
2,1,1,1,44512.500018
2,1,1,2,44437.5
2,1,1,3,44362.499982
2,1,1,4,44287.500009
3,1,1,1,44212.500036
3,1,1,2,44137.500018
3,1,1,3,44062.5
3,1,1,4,43987.499982
