period,scenario,bid_segment,reservoir_1 - asset_owner_1,reservoir_1 - asset_owner_2
1,1,1,3200.0,4800.0
1,1,2,0.0,0.0
2,1,1,6269.387755,9730.612245
2,1,2,0.0,0.0
3,1,1,9003.907944,14996.092056
3,1,2,0.0,0.0
