period,scenario,subscenario,subperiod,Solar1
1,1,1,1,0.480015
1,2,1,1,0.239985
1,3,1,1,0.480015
1,4,1,1,0.239985
2,1,1,1,0.72
2,2,1,1,0.480015
2,3,1,1,0.72
2,4,1,1,0.480015
