period,scenario,subscenario,subperiod,hydro_1,hydro_2
1,1,1,1,0.694444,0.694444
1,1,1,2,0.972222,0.972222
1,1,1,3,1.25,1.25
1,1,1,4,1.527778,1.527778
2,1,1,1,1.805555,1.805555
2,1,1,2,2.083333,2.083333
2,1,1,3,2.361111,2.361111
2,1,1,4,2.638889,2.638889
3,1,1,1,2.916667,2.916667
3,1,1,2,3.194445,3.194444
3,1,1,3,3.472222,3.472222
3,1,1,4,3.75,3.75
