period,scenario,subscenario,subperiod,Solar1
1,1,1,1,0.397064
1,2,1,1,0.397064
1,3,1,1,0.397064
1,4,1,1,0.177792
1,5,1,1,0.177792
1,6,1,1,0.177792
1,7,1,1,0.417792
1,8,1,1,0.417792
1,9,1,1,0.417792
1,10,1,1,0.157064
1,11,1,1,0.157064
1,12,1,1,0.157064
2,1,1,1,0.626688
2,2,1,1,0.626688
2,3,1,1,0.626688
2,4,1,1,0.407416
2,5,1,1,0.407416
2,6,1,1,0.407416
2,7,1,1,0.647416
2,8,1,1,0.647416
2,9,1,1,0.647416
2,10,1,1,0.386688
2,11,1,1,0.386688
2,12,1,1,0.386688
