period,scenario,subperiod,Demand1,Demand2,Demand3
1,1,1,1.559808,0.72,0.36
1,2,1,1.08,0.72,0.36
1,3,1,1.08,0.72,0.36
1,4,1,1.559808,0.72,0.36
2,1,1,1.8,0.72,0.36
2,2,1,1.320192,0.72,0.36
2,3,1,1.320192,0.72,0.36
2,4,1,1.8,0.72,0.36
