period,scenario,subscenario,subperiod,hydro_1,hydro_2
1,1,1,1,0.694444,0.694444
1,1,1,2,0.972222,0.972222
1,1,1,3,1.25,1.25
1,1,1,4,1.52778,1.52778
2,1,1,1,1.80556,1.80556
2,1,1,2,2.08333,2.08333
2,1,1,3,2.36111,2.36111
2,1,1,4,2.63889,2.63889
3,1,1,1,2.91667,2.91667
3,1,1,2,3.19444,3.19444
3,1,1,3,3.47222,3.47222
3,1,1,4,3.75,3.75
