period,scenario,subscenario,reservoir_1 - asset_owner_1,reservoir_1 - asset_owner_2
1,1,1,-960.0000381469727,-1439.9999618530273
2,1,1,-1920.0000416148794,-2879.999958385121
3,1,1,-2880.000036139238,-4319.999963860761
