period,scenario,subperiod,Solar1
1,1,1,0.250008
1,2,1,0.124992
1,3,1,0.250008
1,4,1,0.124992
2,1,1,0.375
2,2,1,0.250008
2,3,1,0.375
2,4,1,0.250008