period,scenario,subperiod,hydro_1,hydro_2
1,1,1,6250.0,62500.0
1,1,2,8749.999851,87499.99851
1,1,3,11249.999702,112499.99702
1,1,4,13750.000298,137500.00298
2,1,1,16249.999404,162499.99404
2,1,2,18750.0,187500.0
2,1,3,21250.000596,212500.00596
2,1,4,23749.999702,237499.99702
3,1,1,26249.998808,262499.988079
3,1,2,28749.999404,287499.99404
3,1,3,31250.0,312500.0
3,1,4,33750.000596,337500.00596
