period,scenario,subscenario,subperiod,Demand1,Demand2,Demand3
1,1,1,1,0.037435,0.01728,0.00864
1,2,1,1,0.02592,0.01728,0.00864
1,3,1,1,0.02592,0.01728,0.00864
1,4,1,1,0.037435,0.01728,0.00864
2,1,1,1,0.07776,0.01728,0.00864
2,2,1,1,0.031685,0.01728,0.00864
2,3,1,1,0.031685,0.01728,0.00864
2,4,1,1,0.07776,0.01728,0.00864
