period,scenario,subperiod,Hydro1
1,1,1,74.999996
1,2,1,74.999996
1,3,1,74.999996
2,1,1,74.999996
2,2,1,74.999996
2,3,1,74.999996
