period,scenario,subperiod,bg_1 - bus_1
1,1,1,400.4000002056358
1,1,2,200.2000001028179
