period,scenario,subperiod,Hydro1
1,1,1,0.31104
1,2,1,0.31104
1,3,1,0.31104
2,1,1,0.0
2,2,1,0.0
2,3,1,0.0
