period,scenario,subscenario,reservoir_1 - asset_owner_1,reservoir_1 - asset_owner_2
1,1,1,144959.99971866605,217440.0049781798
2,1,1,289919.9994373321,434880.0099563596
3,1,1,434880.0099563596,652319.9717330935
